id,title,brand,price_eur,condition,mileage_km,registration,fuel,transmission,power,consumption,co2,link
FA001,DR EVO5 1.6 GPL,DR Automobiles,11490,used,34000,12/2020,GPL,Manuale,126 CV,8.00 l/100 km,128 g/km,https://www.autoscout24.it/annunci/dr-automobiles-dr-evo5-1-6-gpl-gpl-bianco-cat_ma16383mo74733-bef1c232-5c12-4ca7-99c4-861b180bf455
FA002,DR6.0 1.5 Turbo GPL 149 CV CVT,DR Automobiles,18900,used,46924,07/2023,GPL,Automatico,150 CV,7.80 l/100 km,175 g/km,https://www.autoscout24.it/annunci/dr-automobiles-dr6-0-1-5-turbo-gpl-149cv-cvt-gpl-nero-cat_ma16383mo76226-eb6e1075-d86a-4786-b4ec-3ee49f9f33f2
FA003,EVO5 1.5 Turbo GPL 120 CV,EVO,16900,km0,0,07/2026,GPL,Manuale,120 CV,7.20 l/100 km,174 g/km,https://www.autoscout24.it/annunci/evo-evo5-1-5-turbo-gpl-120cv-gpl-rosso-cat_ma51831mo75618-c7d97d2d-c156-423a-81f7-9444b899b164
FA004,Opel Mokka 1.4 Turbo Cosmo GPL-Tech 140 CV,Opel,6800,used,194970,01/2015,GPL,Manuale,140 CV,6.10 l/100 km,142 g/km,https://www.autoscout24.it/annunci/opel-mokka-1-4-t-cosmo-gpl-tech-4x2-140cv-e6-gpl-bianco-cat_ma54mo20148-1d3975b1-b150-4f5e-afcb-43125847c1e6
FA005,Jeep Compass 1.6 MJT Longitude 2WD 120 CV,Jeep,11990,used,149000,05/2018,Diesel,Manuale,120 CV,4.40 l/100 km,,https://www.autoscout24.it/annunci/jeep-compass-compass-1-6-mjt-longitude-2wd-120cv-diesel-nero-cat_ma38mo18967-f5826a07-dc08-48d6-b2b6-471b639f49a9
FA006,Opel Corsa 1.5 Elegance S&S 100 CV,Opel,12990,used,24972,03/2023,Diesel,Manuale,101 CV,4.20 l/100 km,111 g/km,https://www.autoscout24.it/annunci/opel-corsa-corsa-1-5-elegance-ss-100cv-diesel-blu-azzurro-cat_ma54mo1918-8d6f4d79-128a-4e33-88ea-e8c3e7b224d4
FA007,Fiat Tipo 5p 1.3 MJT City Life S&S 95 CV,Fiat,12000,used,55714,10/2022,Diesel,Manuale,95 CV,4.30 l/100 km,114 g/km,https://www.autoscout24.it/annunci/fiat-tipo-tipo-5p-1-3-mjt-city-life-ss-95cv-diesel-grigio-cat_ma28mo1752-d8ef7098-6f32-4a31-a8e1-e54f34d052ad
FA008,MG HS 1.5 T-GDI Luxury,MG,15490,used,68281,10/2023,Benzina,Manuale,162 CV,7.40 l/100 km,168 g/km,https://www.autoscout24.it/annunci/mg-hs-1-5-t-gdi-luxury-benzina-grigio-cat_ma48mo76350-7fea1956-b7a3-4a64-b9bb-86c6f357f9d9
FA009,DR5.0 1.5 GPL 114 CV,DR Automobiles,16900,km0,1,02/2023,GPL,Manuale,114 CV,,,https://www.autoscout24.it/annunci/dr-automobiles-dr5-0-1-5-gpl-114cv-gpl-grigio-cat_ma16383mo75551-b82192ef-4e29-4066-96fb-068c23ec55af
FA010,Ford Fiesta 5p 1.0 Titanium 80 CV,Ford,4500,used,203000,08/2013,Benzina,Manuale,80 CV,4.60 l/100 km,,https://www.autoscout24.it/annunci/ford-fiesta-fiesta-5p-1-0-titanium-80cv-benzina-nero-cat_ma29mo1758-cb2b77e0-fd0f-489c-9050-511d4195cf2e
FA011,Fiat 500X 2022 1.3 MJT Club 95 CV,Fiat,12500,used,104000,06/2022,Diesel,Manuale,95 CV,,,https://www.autoscout24.it/annunci/fiat-500x-500x-2022-1-3-mjet-club-95cv-diesel-nero-cat_ma28mo20628-d2cf0dc8-d23d-4a0b-a2e6-8d86b211d2a2
FA012,DR5.0 1.5 Comfort 95 CV CVT,DR Automobiles,21900,km0,1,05/2026,GPL,Automatico,95 CV,7.60 l/100 km,172 g/km,https://www.autoscout24.it/annunci/dr-automobiles-dr5-0-1-5-comfort-95cv-cvt-gpl-grigio-cat_ma16383mo75551-4b0bcb10-1ac1-446f-b6e4-574f725b40fb
FA013,DR5 1.5 MT Benzina/GPL 95 CV,DR Automobiles,21100,new,,09/2026,GPL,Manuale,95 CV,9.50 l/100 km,160 g/km,https://www.autoscout24.it/annunci/dr-automobiles-dr5-dr-5-1-5-mt-benzina-gpl-95-cv-gpl-grigio-cat_ma16383mo19231-e5dfe51d-4e81-4357-bcaf-876beca9e8e6
FA014,DR PK8 2.0 Turbo Diesel 4x4 136 CV,DR Automobiles,19900,used,78000,07/2023,Diesel,Manuale,136 CV,,,https://www.autoscout24.it/annunci/dr-automobiles-pk8-pk8-2-0-turbo-diesel-4x4-136cv-diesel-bianco-cat_ma16383mo76486-c9a10233-9aae-4841-9a16-4909734cfff7
FA015,Fiat 500X 1.3 MultiJet 95 CV Euro 6,Fiat,13500,used,73000,07/2022,Diesel,Manuale,95 CV,,,https://www.autoscout24.it/annunci/fiat-500x-500x-1-3-multijet-95cv-euro-6-diesel-blu-azzurro-cat_ma28mo20628-4b713054-9db3-4923-af3e-fc071c7a429f
FA016,EVO Spazio 1.5 Turbo GPL 174 CV DCT 5 posti,EVO,28900,km0,1,05/2026,GPL,Automatico,174 CV,,,https://www.autoscout24.it/annunci/evo-spazio-evo-spazio-1-5-turbo-gpl-174cv-dct-5-posti-gpl-bianco-cat_ma51831mo79341-70b4ec0d-c477-4a61-8c20-968df233fec6
FA017,DR6 TGDI Collection GPL,DR Automobiles,30900,new,,,GPL,Automatico,147 CV,,,https://www.autoscout24.it/annunci/dr-automobiles-dr6-dr-6-tgdi-collection-gpl-gpl-bianco-cat_ma16383mo74732-d100f164-cd4d-4f0a-ae87-ae6429f63a16
FA018,EVO6 1.5 HEV S1 DHT,EVO,30400,km0,10,04/2026,Elettrica/Benzina,Automatico,170 CV,1.00 l/100 km,,https://www.autoscout24.it/annunci/evo-evo6-1-5-hev-s1-dht-elettrica-benzina-bianco-cat_ma51831mo75619-7ae13be1-be3a-4866-a1c3-11f75b57a47b
FA019,DR5.0 1.5 GPL 114 CV,DR Automobiles,16900,km0,1,02/2023,GPL,Manuale,114 CV,,,https://www.autoscout24.it/annunci/dr-automobiles-dr5-0-1-5-gpl-114cv-gpl-nero-cat_ma16383mo75551-8bd2cdd5-2d90-4b55-8210-73a0f045ce2c
FA020,DR5.0 1.5 MT Collection GPL,DR Automobiles,,,,,GPL,Manuale,,,,https://www.autoscout24.it/annunci/dr-automobiles-dr5-0-dr-5-1-5-mt-collection-gpl-grigio-cat_ma16383mo75551-22acbc45-2367-4e61-bbb3-9e259251204b
FA021,Ford Fiesta VII 5p 1.5 EcoBlue TDCi Business High 85 CV,Ford,9990,used,92000,01/2019,Diesel,Manuale,86 CV,3.90 l/100 km,,https://www.autoscout24.it/annunci/ford-fiesta-fiesta-vii-5p-1-5-ecoblue-tdci-business-high-85cv-diesel-grigio-cat_ma29mo1758-f9639b02-b372-4c7d-8811-c9c812a68cda
FA022,DR6 PHEV,DR Automobiles,,new,,,Elettrica/Benzina,Automatico,,,,https://www.autoscout24.it/annunci/dr-automobiles-dr6-dr-6-phev-elettrica-benzina-grigio-cat_ma16383mo74732-bc07b8e4-358c-4728-aca4-4dfad9d0eb3c
FA023,EVO6 1.5 Turbo GPL Special Edition 167 CV DCT KM0,EVO,28900,km0,,,GPL,Automatico,167 CV,,,https://www.autoscout24.it/annunci/evo-evo6-evo-6-1-5-turbo-gpl-special-edition-167cv-dct-km0-gpl-bianco-cat_ma51831mo75619-e1c727c7-f997-4ef0-a03c-49653d52143e
FA024,MG ZS 1.0 Luxury,MG,,used,38540,,Benzina,Manuale,,,,https://www.autoscout24.it/annunci/mg-zs-1-0-luxury-benzina-rosso-cat_ma48mo16578-01e62eba-f310-4a1e-a94d-bf901b3908a3
FA025,DR5 1.5 Full Hybrid 299 CV DHT,DR Automobiles,,,,,Elettrica/Benzina,Automatico,299 CV,,,https://www.autoscout24.it/annunci/dr-automobiles-dr5-dr-5-1-5-full-hybrid-299cv-dht-elettrica-benzina-nero-cat_ma16383mo19231-1b0abef0-c644-4dcd-924d-e6eb4aecc2a4
FA026,EVO6 1.5 TGDI S1 GPL,EVO,27900,new,,,GPL,Automatico,170 CV,,,https://www.autoscout24.it/annunci/evo-evo6-evo-6-1-5-tgdi-s1-gpl-gpl-blu-azzurro-cat_ma51831mo75619-430edf71-738e-4102-b76c-f20349656e0e
FA027,Lancia Ypsilon 1.0 FireFly Hybrid Alberta Ferretti S&S 70 CV,Lancia,,used,,,Elettrica/Benzina,Manuale,69 CV,,,https://www.autoscout24.it/annunci/lancia-ypsilon-1-0-firefly-hybrid-alberta-ferretti-ss-70cv-5p-ti-elettrica-benzina-blu-azzurro-cat_ma42mo18393-1b413fab-63e9-4abc-a3c4-5c81240f01de
FA028,DR5 1.5 Full Hybrid 299 CV DHT,DR Automobiles,,,,,Elettrica/Benzina,Automatico,299 CV,,,https://www.autoscout24.it/annunci/dr-automobiles-dr5-dr-5-1-5-full-hybrid-299cv-dht-elettrica-benzina-nero-cat_ma16383mo19231-26be9920-565b-4b42-9c59-0e8dbf5870fc
FA029,Ford Puma 1.0 EcoBoost Hybrid ST-Line X S&S 125 CV,Ford,16400,used,44000,04/2024,Elettrica/Benzina,Manuale,125 CV,5.40 l/100 km,121 g/km,https://www.autoscout24.it/annunci/ford-puma-1-0-ecoboost-h-st-line-x-ss-125cv-elettrica-benzina-blu-azzurro-cat_ma29mo14803-eb3f3315-0f87-42a5-9e96-3fe8a6ea5ecf
